Movie_Name,Year,Rating
10,1979,3
10 Things I Hate About You,1999,3
101 Dalmatians II: Patch's London Adventure,2003,3
11:14,2005,3
13 Ghosts,1960,3
18 Again,1988,2
1984,1984,3
2 Fast 2 Furious,2003,3
200 Cigarettes,1999,2
2010: The Year We Make Contact,1984,3
24 Hour Party People,2002,3
25th Hour,2002,3
28 Days Later,2002,3
50 First Dates,2004,3
7 Seconds,2005,2
9 1/2 Weeks,1986,3
A Beautiful Mind,2001,3
A Better Tomorrow II,1988,3
A Christmas Carol,1951,4
A Cinderella Story,2004,3
A Dirty Shame,2004,2
A Fistful of Dollars,1964,3
A Guy Thing,2003,3
A Hard Day's Night: Collector's Series,1964,3
A Home of Our Own,1993,3
A Lesson Before Dying,1999,3
A Little Princess,1995,3
A Love Song for Bobby Long,2004,3
A Man Apart,2003,3
A Mighty Wind,2003,3
A Night at the Opera,1935,4
A Nightmare on Elm Street,1984,3
A Nightmare on Elm Street 3: Dream Warriors,1987,3
A Streetcar Named Desire,1951,3
A Thousand Acres,1997,3
A Walk in the Clouds,1995,3
ABC Primetime: Mel Gibson's The Passion of the Christ,2004,4
Abandon,2002,2
Abbott & Costello Meet the Mummy,1955,3
About Adam,2000,2
About Schmidt,2002,3
About a Boy,2002,3
Absolute Power,1997,3
Absolutely Fabulous: Series 2,1994,3
Absolutely Fabulous: Series 5,2003,4
Ace Ventura: When Nature Calls,1995,3
Action Jackson,1988,2
Addicted to Love,1997,3
Affliction,1998,3
Against the Ropes,2004,3
Agnes Browne,1999,3
Aguirre: The Wrath of God,1972,3
Aimee and Jaguar,2000,3
Air Bud Spikes Back,2003,3
Air Bud: World Pup,2000,3
Airplane II: The Sequel,1982,3
Aladdin: Platinum Edition,1992,4
Alex and Emma,2003,2
Ali G Indahouse,2002,2
Alias: Season 1,2001,4
Alias: Season 4,2005,4
Alien: Collector's Edition,1979,4
Alien: Resurrection: Collector's Edition,1997,3
Aliens: Collector's Edition,1986,4
All Creatures Great and Small: Series 1,1978,3
All I Wanna Do,2000,3
All Quiet on the Western Front,1930,3
All of Me,1984,3
All the Pretty Horses,2000,2
All the Right Moves,1983,3
Along Came Polly,2004,3
Amarcord,1974,3
Amazon Women on the Moon,1987,3
America's Sweethearts,2001,3
American Beauty,1999,3
American Pimp,2000,3
American Psycho,2000,3
American Psycho 2,2002,2
American Wedding,2003,3
Amores Perros,2000,3
An American Rhapsody,2001,3
An Evening With Kevin Smith,2002,4
An Ideal Husband,1999,3
An Officer and a Gentleman,1982,3
Angel: Season 4,2002,4
Animal Crackers,1930,4
Annie,1999,3
Annie: Special Anniversary Edition,1982,3
Another Day in Paradise,1998,3
April Fool's Day,1986,3
Aqua Teen Hunger Force: Vol. 1,2000,4
Arachnophobia,1990,3
Ararat,2002,3
Armageddon,1997,3
Armed and Dangerous,1986,3
Army of Darkness,1993,3
Around the World in 80 Days,2004,3
As Time Goes By: Series 1 and 2,1992,4
Aspen Extreme,1993,2
At Close Range,1984,3
BASEketball,1998,3
Baby Boom,1987,3
Babylon 5: Season 4,1996,4
Back to School,1986,3
Back to the Future Part III,1990,3
Bad Boys,1995,3
Bad Boys II,2003,3
Bad Education,2004,3
Bagdad Cafe,1988,3
Bananas,1971,3
Barbarella,1968,2
Barbershop,2002,3
Basquiat,1996,3
Batman Begins,2005,4
Batman Beyond: Return of the Joker,2000,3
Batman Beyond: The Movie,1999,3
Batman: Mask of the Phantasm,1993,3
Batman: The Animated Series: Tales of the Dark Knight,1992,3
Battleship Potemkin,1925,3
Beaches,1988,3
Bean: The Movie,1997,3
Beautiful Creatures,2000,2
Beautiful Thing,1996,3
Beauty Shop,2005,3
Beauty and the Beast,1946,3
Bedazzled,2000,3
Behind the Planet of the Apes,1998,3
Being John Malkovich,1999,3
Belly of the Beast,2003,3
Beloved,1998,2
Below,2002,3
Bend It Like Beckham,2002,3
Bent,1997,3
Best of The Muppet Show: Peter Sellers / John Cleese / Dudley Moore,1978,3
Better Off Dead,1985,3
Better Than Sex,2000,3
Beverly Hills Cop,1984,3
Beverly Hills Cop III,1994,3
Beverly Hills Ninja,1997,3
Beyond Borders,2003,3
Biggie & Tupac,2002,2
Bill Cosby: Himself,1983,4
Birdman of Alcatraz,1962,3
Birdy,1984,3
Black Adder,1983,3
Black Adder Back & Forth,1999,3
Black Dog,1998,3
Black Mask,1998,3
Black Orpheus,1959,3
Black and White,1999,2
Blade: Trinity,2004,3
Blame It on Rio,1984,2
Blankman,1994,2
Blind Spot: Hitler's Secretary,2002,3
Blow Dry,2001,3
Blue Hawaii,1961,3
Blue Planet: IMAX,1990,3
Bob Roberts,1994,3
Born Free,1966,3
Born Yesterday,1993,2
Bottle Rocket,1996,3
Bound,1996,3
Bowling for Columbine,2002,3
Boy Meets World: Season 1,1993,3
Boys and Girls,2000,3
Boyz N the Hood,1991,3
Bram Stoker's Dracula,1992,3
Brassed Off,1996,3
Braveheart,1995,4
Breathless,1983,2
Bride and Prejudice,2004,3
Bride of Chucky,1998,2
Bridget Jones's Diary,2001,3
Bringing Out the Dead,1999,2
Bringing Up Baby,1938,4
Brother Bear (Theatrical Widescreen Version),2003,3
Bruce Almighty,2003,3
Buffalo '66,1998,3
Buffalo Soldiers,2001,2
Buffy the Vampire Slayer: Season 6,2001,4
Burnt by the Sun,1994,3
Buying the Cow,2002,3
CSI: Season 1,2000,4
Calle 54,2000,3
Candyman 3: Day of the Dead,1999,2
Captain Blood,1935,3
Captain Corelli's Mandolin,2001,3
Captain Pantoja and the Special Services,2000,3
Carandiru,2004,3
Carolina,2004,3
Casino: 10th Anniversary Edition,1995,4
Casper,1995,3
Casualties of War,1989,3
Cecil B. Demented,2000,2
Center Stage,1999,3
Chain Reaction,1996,3
Chappelle's Show: Season 1,2003,4
Character,1997,3
Charade,1963,4
Charlotte's Web,1973,3
Chasing Amy,1997,3
Cheech & Chong's Up in Smoke,1978,3
Children of a Lesser God,1986,3
Children of the Corn,1984,3
Children of the Corn 4: The Gathering,1996,2
Chocolat,1988,3
Cinderella II,2001,3
Cirque du Soleil: Dralion,2000,3
Cirque du Soleil: Varekai,2003,3
Citizen X,1998,3
City Lights,1931,4
City by the Sea,2002,3
City of Ghosts,2003,2
Clash of the Titans,1981,3
Clerks,1994,3
Cloak & Dagger,1984,3
Clockers,1995,3
Club Dread,2004,2
Coach Carter,2005,4
Cocoon,1985,3
Code of Silence,1985,2
Coffee and Cigarettes,2003,2
Collateral Damage,2002,2
Comedian,2002,3
Commando,1985,3
Conan the Barbarian,1981,3
Concert for George,2003,3
Confessions of a Teenage Drama Queen,2004,2
Congo,1995,2
Control Room,2004,3
Cop and a Half,1993,2
Coupling: Season 1,2000,3
Cousins,1989,3
Cowboy Bebop Remix,1999,3
Cowboys & Angels,2003,3
Cradle Will Rock,1999,3
Crazy/Beautiful,2001,3
Creepshow,1982,3
Cries and Whispers,1972,3
Critters,1986,2
Crocodile Dundee 2,1988,2
Cronos,1993,2
Crooklyn,1994,3
Croupier,1998,3
Cry Freedom,1987,3
Cube 2: Hypercube,2002,2
Cujo,1983,3
Curb Your Enthusiasm: Season 3,2002,4
Curly Sue,1991,2
Cyborg,1989,2
D.A.R.Y.L.,1985,3
Damien: Omen II,1978,3
Damn the Defiant,1962,3
Dance with Me,1998,3
Dangerous Minds,1995,3
Dante's Peak,1997,3
Daredevil,2003,2
Dark City,1998,3
Dark Victory,1939,3
Daughter from Danang: American Experience,2002,3
Dawn of the Dead,2004,3
Dead Birds,2005,2
Dead Man on Campus,1998,3
Dead Men Don't Wear Plaid,1982,3
Dead Ringers,1988,3
Dear Frankie,2004,3
Death Becomes Her,1992,3
Death Wish,1974,3
Death to Smoochy,2002,3
Deep Cover,1992,3
Defending Your Life,1991,3
Dersu Uzala,1975,3
Dial M for Murder,1954,4
Die Hard 2: Die Harder,1990,3
Dinner Rush,2001,3
Dinosaur,2000,3
Dinotopia,2002,3
Dirty Rotten Scoundrels,1988,3
Dirty Work,1998,3
Disclosure,1994,3
Disturbing Behavior,1998,3
Doctor Zhivago,1965,3
Dogma,1999,3
Dolores Claiborne,1994,3
Domestic Disturbance,2001,3
Don't Say a Word,2001,3
Double Impact,1991,2
Double Team,1997,2
Dr. Dolittle 2,2001,3
Dr. Seuss' The Cat in the Hat,2003,2
Dr. Seuss: Green Eggs and Ham and Other Favorites,1961,3
Dr. T & the Women,2000,2
Dracula,1931,3
Dragon Ball Z: Super Android 13,1992,3
Dragon: The Bruce Lee Story,1993,3
Dragonheart,1996,3
Drop Dead Fred,1991,3
Drunken Master,2000,3
Dungeons & Dragons,2000,2
Duplex (Widescreen),2003,3
Earth Girls Are Easy,1989,2
Earthsea,2004,3
East/West,2000,3
Eat Drink Man Woman,1994,3
Ed Wood,1994,3
Eddie and the Cruisers,1983,3
Elephant,2003,3
Elf,2003,3
Elizabeth,1998,3
Elvira,1988,2
Emma (Miniseries),1996,3
Empire Falls,2005,3
Encino Man,1992,3
End of Days,1999,3
End of the Century: The Story of the Ramones,2004,3
Enduring Love,2004,2
Ernest Goes to Jail,1990,2
Escaflowne: The Movie,2000,3
Escape from Alcatraz,1979,3
Eternal Sunshine of the Spotless Mind,2004,3
Evelyn,2002,3
Ever After: A Cinderella Story,1998,3
Everybody Loves Raymond: Season 1,1996,3
Everybody Loves Raymond: Season 3,1998,3
Evil Dead 2: Dead by Dawn,1987,3
Evolution,2001,3
Excess Baggage,1997,2
Existenz,1999,3
Exit Wounds,2001,2
Exit to Eden,1994,2
Exodus,1960,3
Extreme Measures,1996,3
Eye of the Needle,1981,3
Fahrenheit 451,1966,3
Fallen,1998,3
Falling Down,1993,3
Fame,1980,3
Family Guy: Freakin' Sweet Collection,2004,4
Fantasia 2000,2000,3
Farewell My Concubine,1993,3
Farinelli,1994,3
Farscape: Season 2,2000,4
Farscape: The Peacekeeper Wars,2004,4
Fast,1997,3
Fatal Beauty,1987,2
Father's Little Dividend,1951,3
Fear and Loathing in Las Vegas,1998,3
Fever Pitch,1997,2
Fifteen Minutes,2001,3
Final Fantasy: The Spirits Within,2001,3
Finding Nemo (Widescreen),2003,4
Finding Neverland,2004,4
Fire in the Sky,1993,3
Firefly,2002,4
Firestarter,1984,3
First Kid,1996,3
First Knight,1995,3
Flatliners,1990,3
Fletch Lives,1989,3
Flight of the Navigator,1986,3
Flowers in the Attic,1987,3
Fly Away Home,1996,3
Food of Love,2002,3
Footloose: Special Collector's Edition,1984,3
For Keeps,1988,3
For Your Eyes Only,1981,3
For the Boys,1991,3
Forever Young,1992,3
Four Weddings and a Funeral,1994,3
Foyle's War: Set 2,2003,4
Frances,1982,3
Frankie and Johnny,1991,3
Freaky Friday,1976,3
Freaky Friday,2003,3
Freddy Got Fingered,2001,2
Freddy vs. Jason,2003,2
Free Willy,1993,3
Frenzy,1972,3
Frida,2002,3
Friday After Next,2002,3
Friday Night Lights,2004,3
Friday the 13th: Part 3,1982,3
Fried Green Tomatoes,1991,3
Friends: Season 2,1995,3
Friends: Season 6,1999,4
Fright Night,1985,3
From Dusk Till Dawn 2: Texas Blood Money,1998,2
From Hell,2001,3
From the Earth to the Moon: The Signature Edition,1998,4
Funny Face,1957,3
Funny Lady,1975,3
Futurama: Monster Robot Maniac Fun Collection,1999,4
Futurama: Vol. 1,1999,4
Garden State,2004,3
Gentlemen Prefer Blondes,1953,3
George Carlin: Carlin at Carnegie,1982,3
George Carlin: Complaints and Grievances,2001,3
George Carlin: George's Best Stuff,1996,3
George Carlin: Personal Favorites,1990,4
Geronimo: An American Legend,1993,3
Gerry,2002,2
Get Real,1999,3
Get Your Stuff,2000,3
Ghost,1990,3
Ghost Dog: The Way of the Samurai,2000,3
Ghost Ship,2002,3
Ghost in the Shell,1995,3
Ghosts of the Abyss,2003,3
Giant,1956,3
Gilmore Girls: Season 1,2000,4
Gilmore Girls: Season 3,2002,4
Ginger Snaps Back: The Beginning,2004,3
Girls Just Want to Have Fun,1985,3
Going My Way / Holiday Inn,1944,3
Goldfinger,1964,3
Good Advice,2001,3
Good Guys Wear Black,1978,2
Gordy,1995,2
Grateful Dawg,2000,3
Graveyard Shift,1990,2
Grease 2,1982,2
Great Balls of Fire!,1989,3
Gremlins 2: The New Batch,1990,3
Gross Anatomy,1989,3
Grumpy Old Men,1993,3
Guarding Tess,1994,3
Gun Shy,2000,2
Hackers,1995,3
Hair,1979,3
Half Baked,1998,3
Half Past Dead,2002,3
Halloween 5: The Revenge of Michael Myers,1989,3
Halloween II,1981,3
Halloween: H2O,1998,3
Happiness,1998,3
Hard Boiled,1992,3
Hard Eight,1996,3
Harlem Nights,1989,3
Harold and Kumar Go to White Castle,2004,3
Harrison's Flowers,2002,3
He Got Game,1998,3
He Loves Me,2002,3
He Said,1991,3
Head in the Clouds,2004,3
Heathers,1989,3
Heaven & Earth,1993,3
Hellbound: Hellraiser II,1988,3
Hellfighters,1968,3
Hellraiser V: Inferno,2000,3
Henry V,1944,3
Herbie Rides Again,1974,3
Hercules,1997,3
Here on Earth,2000,3
Hidden Agenda,1990,2
High Art,1998,3
High Fidelity,2000,3
High and Low,1963,3
Highlander: Season 4,1994,4
Highlander: Season 5,1996,4
Highway,2001,2
His Secret Life,2001,3
History of the World: Part 1,1981,3
Hocus Pocus,1993,3
Holiday in the Sun,2001,3
Hollow Man,2000,2
Hollywood Shuffle,1987,3
Home Alone 2: Lost in New York,1992,2
Home Movie,2001,3
Honey,2003,3
Hook,1991,3
Hoop Dreams,1994,4
Hostage,2005,3
House of Cards Trilogy I: House of Cards,1990,3
House of Cards Trilogy II: To Play the King,1994,4
House of Sand and Fog,2003,3
House of Wax / The Mystery of the Wax Museum,1953,3
House of the Dead,2003,1
House of the Spirits,1994,3
How Green Was My Valley,1941,3
How High,2001,3
How To Be A Player,1997,3
Hudson Hawk,1991,2
Husbands and Wives,1992,3
Hysterical Blindness,2002,2
I Can Do Bad All By Myself,2002,3
I Capture the Castle,2003,3
I Love Lucy: Season 2,1952,4
I Love Lucy: Season 4,1954,4
I Spy,2002,3
I Still Know What You Did Last Summer,1998,2
I Think I Do,1997,3
I Want to Live!,1958,3
I'm Not Scared,2003,3
Identity,2003,3
If These Walls Could Talk,1996,3
Igby Goes Down,2002,3
Il Postino,1995,3
Imitation of Life: Double Feature (1934,1934,3
Immortal Beloved,1994,3
Impostor,2000,3
Impromptu,1991,3
In Dreams,1999,3
In Good Company,2004,3
In Living Color: Season 2,1990,3
In Living Color: Season 3,1991,3
In Too Deep,1999,3
In the Mood for Love,2001,3
In the Realm of the Senses,1976,2
Indiscreet,1958,3
Indochine,1992,3
Innerspace,1987,3
Inspector Gadget 2,2003,2
Into the Woods,1990,3
Inu-Yasha,2000,4
Invader Zim,2004,4
Invasion of the Body Snatchers,1956,3
Irreversible,2002,2
Jack,1996,3
Jack Frost,1998,2
Jade,1995,2
Jane Eyre,1997,3
Jason Goes to Hell,1993,2
Jason and the Argonauts,1963,3
Jaws,1975,3
Jeff Foxworthy: Totally Committed,1998,3
Jimmy Neutron: Boy Genius,2001,3
Jingle All the Way,1996,2
Jo Jo Dancer,1986,2
Joe Kidd,1972,3
Joe Versus the Volcano,1990,2
Journey to the Center of the Earth,1959,3
Journey to the Center of the Earth,1999,3
Joy Ride,2001,3
Ju-on: The Grudge,2003,3
Judgment Day,1999,2
Juice,1992,3
Jungle Fever,1991,3
Jurassic Park III,2001,3
Just Visiting,2001,3
Justice League,2001,3
Justice League: Justice on Trial,2001,3
K-9,1989,2
Kickboxer,1989,3
Kicking & Screaming,2005,3
Kill Bill: Vol. 2,2004,3
Kind Hearts and Coronets,1949,3
King of the Hill: Season 1,1997,3
King of the Hill: Season 3,1998,3
King's Ransom,2005,2
Knight Rider: Season 1,1982,3
Krippendorf's Tribe,1998,2
Krull,1983,3
Kurt & Courtney,1998,2
Larry the Cable Guy: Git-R-Done,2003,3
Last Man Standing,1996,3
Law & Order: Special Victims Unit: The First Year,1999,4
Le Cercle Rouge,1970,3
Le Divorce,2003,2
Led Zeppelin: The Song Remains the Same,1976,3
Left Behind II: Tribulation Force,2002,3
Legend of 1900,1998,3
Leprechaun,1993,2
Les Miserables in Concert,1996,3
Lethal Weapon,1987,3
Lethal Weapon 3,1992,3
Liar Liar,1997,3
Lies,1999,2
Life,1999,3
Life and Debt,2001,3
Life as a House,2001,3
Life or Something Like It,2002,3
Like It Is,1998,3
Like Water for Chocolate,1992,3
Lilies of the Field,1963,3
Lilo and Stitch,2002,3
Little House on the Prairie: Season 2,1975,3
Little House on the Prairie: Season 3,1976,4
Little House on the Prairie: Season 6,1979,4
Little Nicky,2000,2
Live Flesh,1997,3
Live From Baghdad,2002,3
Local Hero,1983,3
Lock,1998,3
Logan's Run,1976,3
Lonesome Dove,1989,4
Look Who's Talking,1989,3
Look Who's Talking Too,1990,2
Look at Me,2005,3
Lord of Illusions,1995,3
Lord of the Rings: The Fellowship of the Ring,2001,4
Lost: Season 1,2004,4
Love Actually,2003,3
Love Potion #9,1991,3
Love in the Afternoon,1957,3
MASH: Season 7,1978,4
MI-5: Vol. 2,2003,4
MTV: Punk'd: Season 2,2003,3
Madeline,1998,3
Mafia!,1998,3
Maid to Order,1987,2
Major League,1989,3
Man Bites Dog,1992,3
Man of the House,1995,3
Man on Fire,2004,3
Man on the Moon,2000,3
Man on the Train,2002,3
Mannequin,1987,3
Mansfield Park,1999,3
Marathon Man,1976,3
Married... with Children: The Most Outrageous Episodes: Vol. 2,1987,3
Mars Attacks!,1996,2
Marty,1955,3
Marvin's Room,1996,3
Masters of the Universe,1987,2
Matewan,1987,3
Matilda: Special Edition,1996,3
Me Myself I,2000,3
Mean Creek,2004,3
Mean Girls,2004,3
Meet John Doe,1941,3
Meet the Browns,2004,3
Men in Black II,2002,3
Message in a Bottle,1999,3
Michael Collins,1996,3
Michael Moore's The Awful Truth: Season 2,2001,3
Midnight Cowboy,1969,3
Mighty Quinn,1989,3
Millennium Actress,2002,3
Missing in Action 2: The Beginning / Missing in Action 3: Braddock,1985,3
Mississippi Burning,1988,3
Mo' Money,1992,2
Modern Times,1936,3
Monk: Season 2,2003,4
Monkey Trouble,1994,2
Monkeybone,2001,2
Monsoon Wedding,2001,3
Monty Python's The Meaning of Life: Special Edition,1983,4
Monty Python: The Life of Python,2000,3
Moonstruck,1987,3
Mortal Kombat: The Movie,1995,3
Morvern Callar,2002,2
Mostly Martha,2002,3
Mr. Magoo,1997,2
Mr. Show: Season 2,1996,3
Mumford,1999,3
Muppets From Space,1999,3
Murder on the Orient Express,1974,3
Muriel's Wedding,1994,3
Murphy's Romance,1985,3
Music of the Heart,1999,3
Mutiny on the Bounty,1935,3
My Bodyguard,1980,3
My Dinner with Andre,1981,3
My Family,1995,3
My Favorite Wife,1940,3
My Favorite Year,1982,3
My Girl 2,1994,3
My Man Godfrey,1936,3
My Neighbor Totoro,1988,4
My Science Project,1985,3
Mystery Men,1999,2
Mystery Science Theater 3000: The Wild World of Batwoman,1993,3
NYPD Blue: Season 2,1994,3
Naked Gun 2 1/2: The Smell of Fear,1991,3
Napoleon Dynamite,2004,3
Narrow Margin,1990,3
National Geographic: Beyond the Movie: The Lord of the Rings,2001,3
National Lampoon's Vacation,1983,3
National Lampoon's Van Wilder,2002,3
Nausicaa of the Valley of the Wind,1984,4
Ned Kelly,2004,3
Neon Genesis Evangelion: The End of Evangelion,1995,3
Network,1976,3
Never Die Alone,2004,2
Newsies,1992,3
Nicholas Nickleby,2002,3
Nick of Time,1995,3
Night and Fog,1955,3
Nightbreed,1990,3
Nine Dead Gay Guys,2003,3
Nine Months,1995,3
Nine to Five,1980,3
Nip/Tuck: Season 2,2004,4
No Way Out,1987,3
Nobody Knows,2005,3
Normal,2003,3
North by Northwest,1959,4
Northern Exposure: Season 1,1990,4
Northfork,2003,2
Nosferatu: Original Version,1929,3
Not Another Teen Movie,2001,3
Not One Less,2000,3
Not Without My Daughter,1991,3
Nothing to Lose,1997,3
Notorious,1946,4
O Fantasma,2000,2
Omen III: The Final Conflict,1981,3
On Golden Pond,1981,3
On the Beach,1959,3
On the Line,2001,2
Once Bitten,1985,2
One False Move,1991,3
One Good Cop,1991,3
One True Thing,1998,3
Operation Pacific,1951,3
Ordinary People,1980,3
Orgazmo,1998,3
Original Sin,2001,3
Our Lady of the Assassins,2000,2
Out for Justice,1991,3
Outfoxed: Rupert Murdoch's War on Journalism,2004,3
Outrageous Fortune,1987,3
Owning Mahowny,2003,3
PCU,1994,3
Paper Moon,1973,3
Parenthood,1989,3
Party Monster,2003,2
Party Monster: The Shockumentary,1998,3
Passion Fish,1992,3
Patch Adams,1998,3
Pay It Forward,2000,3
Pee-Wee's Playhouse: Vol. 1,1986,3
Pelle the Conqueror,1987,3
People I Know,2003,2
Persuasion,1995,3
Pete's Dragon,1977,3
Pink Floyd: Live at Pompeii: Director's Cut,1974,3
Pirates of the Caribbean: The Curse of the Black Pearl,2003,4
Planes,1987,3
Planet of the Apes,2001,2
Play it Again,1972,3
Players Club,1998,3
Playing God,1997,2
Plump Fiction,1996,3
Pocahontas,1995,3
Poison Ivy 2,1995,2
Police Academy 2: Their First Assignment,1985,3
Police Academy 3: Back in Training,1986,3
Police Academy 5: Assignment - Miami Beach,1988,3
Police Academy: Special Edition,1984,3
Polish Wedding,1998,2
Pollyanna,1960,3
Poltergeist,1982,3
Polyester,1981,3
Pooh's Heffalump Movie,2005,3
Porky's,1981,3
Porn Star: The Legend of Ron Jeremy,2001,3
Predator 2,1990,3
Presumed Innocent,1990,3
Pretty Baby,1978,3
Pride and Prejudice,1995,4
Prime Suspect 1,1991,4
Primer,2004,2
Princess Mononoke,1997,3
Private Parts,1997,3
Psycho,1998,3
Pumpkin,2002,2
Punchline,1988,2
Queer as Folk: Season 1,2001,3
Quest for Fire,1982,3
Quicksand,2001,3
Rabbit-Proof Fence,2002,3
Radio Flyer,1992,3
Rambo: First Blood Part II,1985,3
Random Hearts,1999,2
Rat Race,2001,3
Ravenous,1999,3
Ray,2004,4
Recess: School's Out,2001,3
Red Dwarf: Series 3,1988,4
Red Sonja,1985,3
Regarding Henry,1991,3
Regular Guys,1996,3
Reindeer Games,2000,2
Reno 911: Season 2,2004,4
Replicant,2001,2
Repo Man,1984,3
Reservoir Dogs,1992,3
Return of the Dragon,1973,3
Return to Paradise,1998,3
Richard III,1995,3
Richard Pryor: Live on the Sunset Strip,1982,3
Richie Rich,1994,3
Ricochet,1991,3
Ride with the Devil,1999,3
Riding Giants,2004,3
Rififi,1955,3
Ringu,1998,3
Rio Lobo,1970,3
Ripley's Game,2003,3
Rising Sun,1993,3
Road to Perdition,2002,3
Rob Roy,1995,3
Robin Hood: Prince of Thieves,1991,3
Robin and Marian,1976,3
Rocky V,1990,3
Roger & Me,1989,3
Rollerball,1975,3
Romeo is Bleeding,1994,3
Rookie of the Year,1993,3
Rooster Cogburn,1975,3
Rory O'Shea Was Here,2004,3
Rose Red,2002,3
Rosemary's Baby,1968,3
Roswell: Season 2,2000,4
Rudolph the Red-Nosed Reindeer,1964,3
Rudy,1993,3
Runaway,1984,3
Runaway Train,1985,3
Rush Hour 2,2001,3
S.W.A.T.,2003,3
Saboteur,1942,3
Salaam Bombay!,1988,3
Samurai Champloo,2004,4
Samurai Trilogy 3: Duel at Ganryu Island,1956,3
Saturday Night Live: The Best of Dana Carvey,1999,3
Saturday Night Live: The Best of Eddie Murphy,2000,3
Saturday Night Live: The Best of Will Ferrell 2,2004,3
Saved by the Bell: Season 1,1989,3
Saving Face,2005,3
Saving Grace,2000,3
Saw,2004,3
Scandal,1989,3
Scary Movie 2,2001,3
Scooby-Doo 2: Monsters Unleashed,2004,3
Scooby-Doo Meets Batman,1972,3
Scooby-Doo and the Monster of Mexico,2003,3
Scooby-Doo's Original Mysteries,2000,3
Scooby-Doo's Spookiest Tales,2000,3
Scorched,2002,2
Scratch,2002,3
Scream,1996,3
Scream 3,2000,3
Screamers,1996,3
Sea of Love,1989,3
Secondhand Lions,2003,4
Seems Like Old Times,1980,3
Send Me No Flowers,1964,3
Sense and Sensibility,1981,4
Serendipity,2001,3
Serial Mom,1995,3
Seven Brides for Seven Brothers: 50th Anniversary Edition,1954,3
Seven Samurai,1954,4
Sex and the City: Season 4,2001,4
Shadow Magic,2001,3
Shadow of the Vampire,2000,3
Shakes the Clown,1992,2
Shall We Dance?,1995,3
Shane,1953,3
Shanghai Noon,2000,3
Shanghai Triad,1995,3
She's Having A Baby,1988,3
Shoot to Kill,1988,3
Shrek 2,2004,4
Sideways,2004,3
Signs,2002,3
Silkwood,1983,3
Silver Bullet,1985,3
Silver Streak,1976,3
Simone,2002,2
Singin' in the Rain,1952,4
Sink the Bismarck,1960,3
Sirens,1994,2
Sister Act 2: Back in the Habit,1993,3
Six Degrees of Separation,1993,3
Six Feet Under: Season 4,2004,4
Sixteen Candles,1984,3
Sleeping Beauty: Special Edition,1959,4
Sleepless in Seattle,1993,3
Sleepy Hollow,1999,3
Small Time Crooks,2000,3
Smallville: Season 1,2001,4
So I Married an Axe Murderer,1993,3
Solaris,1972,3
Solaris,2002,2
Something's Gotta Give,2003,3
Sordid Lives,2001,3
Soul Food: Season 1,2000,3
Southern Comfort,2001,3
Spartan,2004,3
Species II,1998,2
Speed,1994,3
Spencer's Mountain,1963,3
Sphere,1998,2
Spice World,1998,2
Spider-Man: The New Animated Series: Season 1,2003,3
Spirited Away,2002,4
Spitfire Grill,1996,3
Splendor in the Grass,1961,3
SpongeBob SquarePants: Season 2,2000,4
Spun,2003,3
Spy Kids,2001,3
Spy Kids 2: The Island of Lost Dreams,2002,3
Star 80,1983,2
Star Trek: Deep Space Nine: Season 5,1996,4
Star Trek: Enterprise: Season 1,2001,4
Star Trek: The Motion Picture,1979,3
Star Trek: The Next Generation: Season 5,1991,4
Star Trek: The Next Generation: Season 6,1992,4
Star Trek: The Next Generation: Season 7,1993,4
Star Trek: Voyager: Season 1,1995,3
Star Trek: Voyager: Season 5,1998,4
Stargate,1994,3
Stargate SG-1: Season 2,1998,4
Stargate SG-1: Season 3,1999,4
Stargate SG-1: Season 7,2003,4
Stargate SG-1: Season 8,2004,4
Starman,1984,3
Starship Troopers 2: Hero of the Federation,2004,2
State of Grace,1990,3
Stealing Harvard,2002,2
Stephen King's It!,1990,3
Stir Crazy,1980,3
Stoked: The Rise and Fall of Gator,2002,3
Strange Brew,1983,3
Strange Days,1995,3
Stuart Little 2,2002,3
Sugar & Spice,2001,2
Sullivan's Travels,1942,3
Summer of '42,1971,3
Sunshine,1999,3
Sunshine State,2002,3
Super Size Me,2004,3
Superbabies: Baby Geniuses 2,2004,2
Superman IV: The Quest for Peace,1987,2
Superman: The Movie,1978,3
Superstar,1999,3
Surviving Christmas,2004,3
Sweet November,2001,3
Swimfan,2002,2
Swimming Pool,2003,3
Switch,1991,3
THX 1138: Special Edition,1971,3
Tae Guk Gi: The Brotherhood of War,2004,3
Taking Lives,2004,3
Tales of the City,1993,3
Talk Radio,1988,3
Talk to Her,2002,3
Tampopo,1986,3
Tank Girl,1995,2
Tape,2001,3
Tart,2001,2
Taxi,2004,3
Teaching Mrs. Tingle,1999,2
Teen Wolf / Teen Wolf Too (Double Feature),1985,2
Teenage Mutant Ninja Turtles III,1993,2
Tenchi the Movie: Tenchi Muyo! In Love,1996,3
Terminator 2: Extreme Edition: Bonus Material,1991,3
Testosterone,2004,2
That '70s Show: Season 1,1998,4
The 10th Kingdom,2000,3
The Accidental Tourist,1988,3
The Addams Family,1991,3
The Adventures of Elmo in Grouchland,1999,3
The Adventures of Rocky and Bullwinkle,2000,2
The Alamo,1960,3
The Alamo,2004,3
The American President,1995,3
The Amityville Horror,1979,3
The Amityville Horror,2005,3
The Apple Dumpling Gang Rides Again,1979,3
The Autobiography of Miss Jane Pittman,1973,3
The Avengers,1998,2
The Bad News Bears,1976,3
The Bad and the Beautiful,1952,3
The Ballad of Jack and Rose,2005,2
The Battle of Algiers,1965,4
The Best Little Whorehouse in Texas,1982,3
The Best of Friends: Season 1,1994,4
The Best of Friends: Season 2,1994,4
The Best of Friends: Vol. 4,1994,4
The Big Blue,1988,3
The Big Hit,1998,3
The Big One,1998,3
The Big Red One: Special Edition,1980,3
The Big Tease,1999,3
The Blind Swordman: Zatoichi,2003,3
The Blob,1988,2
The Blues Brothers: Extended Cut,1980,4
The Bourne Supremacy,2004,3
The Boxer,1997,3
The Brady Bunch Movie,1995,2
The Brothers,2001,3
The Brothers McMullen,1995,3
The Caine Mutiny,1954,3
The Caveman's Valentine,2001,3
The Center of the World,2001,2
The Chorus,2004,4
The Closet,2000,3
The Color of Money,1986,3
The Comancheros,1961,3
The Commitments,1991,3
The Computer Wore Tennis Shoes,1969,3
The Cookout,2004,2
The Cowboys,1972,3
The Cutting Edge,1992,3
The Dangerous Lives of Altar Boys,2002,3
The Day of the Jackal,1973,3
The Dead Zone,1983,3
The Dead Zone: Season 2,2002,4
The Deal,2004,2
The Deer Hunter,1978,3
The Desert Fox,1951,3
The Devil's Backbone,2001,3
The Devil's Brigade,1968,3
The Devil's Own,1997,3
The Door in the Floor,2004,3
The Duellists,1977,3
The Education of Little Tree,1997,3
The Emperor's New Groove,2000,3
The Enforcer,1976,3
The Enforcer,1995,3
The English Patient,1996,3
The Fabulous Baker Boys,1989,3
The Faculty,1998,3
The Family Man,2000,3
The Fan,1981,2
The Fighting Seabees,1944,3
The Final Countdown,1980,3
The Final Cut,2004,2
The Flintstones,1994,2
The Flintstones in Viva Rock Vegas,2000,2
The Flying Tigers,1942,3
The Fortune Cookie,1966,3
The Full Monty,1997,3
The Game,1997,3
The Ghost and Mr. Chicken / The Reluctant Astronaut: Double Feature,1966,3
The Ghost and Mrs. Muir,1947,3
The Ghost and the Darkness,1996,3
The Glass Menagerie,1973,3
The Godfather,1974,4
The Golden Girls: Season 1,1985,3
The Great Gatsby,2000,3
The Great Race,1965,3
The Green Berets,1968,3
The Grifters,1990,3
The Hand that Rocks the Cradle,1992,3
The Hebrew Hammer,2003,2
The Hitcher,1984,3
The Hitchhiker's Guide to the Galaxy,1981,3
The Hitchhiker's Guide to the Galaxy,2005,3
The Hole,2001,3
The Horse Soldiers,1959,3
The Hunchback of Notre Dame,1999,3
The Hunchback of Notre Dame II,2001,3
The Hunger,1983,3
The Hurricane,1999,3
The Hustler,1961,4
The Ice Storm,1997,3
The Importance of Being Earnest,2002,3
The Impostors,1998,3
The In-Laws,1979,3
The In-Laws,2003,3
The Incredibly True Adventure of 2 Girls in Love,1995,3
The Invisible Circus,2001,2
The Italian Job,2003,3
The Kids in the Hall: Season 1,1989,4
The Killing,1956,3
The King and I,1956,3
The King of Queens: Season 2,1998,3
The L Word: Season 2,2005,4
The Lady Eve,1941,3
The Ladykillers,2004,2
The Lair of the White Worm,1988,2
The Land Before Time VII: Stone of Cold Fire,2000,3
The Laramie Project,2002,3
The Last American Virgin,1982,3
The Last Dragon,1985,3
The Last House on the Left,1972,2
The Last Samurai,2003,3
The Last Seduction,1994,3
The Last Shot,2004,2
The Last Supper,1996,3
The Last Temptation of Christ,1988,3
The Lawnmower Man,1992,2
The Legend,1993,3
The Legend 2,1993,3
The Librarian: Quest for the Spear,2004,3
The Life & Death of Peter Sellers,2004,3
The Life Aquatic with Steve Zissou,2004,3
The Limey,1999,3
The Lion King: Special Edition,1994,4
The Little Princess,1939,3
The Lonely Guy,1984,3
The Long Walk Home,1990,3
The Longest Day,1962,3
The Longest Yard,1974,3
The Looney Tunes Golden Collection: Vol. 1,2003,3
The Looney Tunes Golden Collection: Vol. 2,2004,4
The Lord of the Rings,1978,3
The Love Letter,1999,2
The Magdalene Sisters,2002,3
The Maltese Falcon,1941,4
The Man Who Cried,2000,3
The Man Who Knew Too Much,1934,3
The Man Without a Face,1993,3
The Mark of Zorro,1920,3
The Mask: Special Edition,1994,3
The Matrix: Reloaded,2003,3
The Matrix: Revolutions,2003,3
The Mighty,1998,3
The Mirror Has Two Faces,1996,3
The Missing,2003,3
The Mists of Avalon,2001,3
The Mothman Prophecies,2002,3
The Motorcycle Diaries,2004,3
The Mouse That Roared,1959,3
The Mummy,1999,3
The Muse,1999,2
The Night of the Hunter,1955,3
The O.C.: Season 1,2003,4
The Odd Couple,1968,3
The Omen,1976,3
The Onion Field,1979,3
The Opposite of Sex,1998,3
The Original Latin Kings of Comedy,2002,3
The Osbournes: Season 1 (Uncensored),2002,3
The Other Side of Heaven,2001,3
The Others,2001,3
The Pacifier,2005,3
The Pagemaster,1994,2
The Parent Trap,1998,3
The Party,1968,3
The Passion of the Christ,2004,3
The People vs. Larry Flynt,1996,3
The Perfect Storm,2000,3
The Phantom of the Opera: Special Edition,2004,3
The Pianist,2002,4
The Piano,1993,3
The Pledge,2001,3
The Pope of Greenwich Village,1984,3
The Poseidon Adventure,1972,3
The Postman Always Rings Twice,1946,3
The Powerpuff Girls Movie,2002,3
The Prime of Miss Jean Brodie,1969,3
The Prince of Tides,1991,3
The Princess Diaries (Fullscreen),2001,4
The Professional,1994,4
The Program,1993,3
The Prophecy 2,1998,3
The Queens of Comedy,2000,3
The Quest,1996,3
The Quiet Man,1952,3
The Rage: Carrie 2,1999,3
The Recruit,2003,3
The Replacement Killers,1998,3
The Return,2003,3
The Return of the Living Dead,1985,3
The Road to Wellville,1994,2
The Rocky Horror Picture Show,1975,3
The Rookie,1990,3
The Rundown,2003,3
The Russians Are Coming,1966,3
The Saddest Music in the World,2004,2
The Sandlot,1993,3
The Sandlot 2,2005,3
The Santa Clause,1994,3
The Santa Clause 2,2002,3
The Scent of Green Papaya,1993,3
The Scorpion King,2002,3
The Secret Garden,1993,3
The Serpent and the Rainbow,1988,3
The Seventh Seal,1957,3
The Seventh Sign,1988,3
The Shadow,1994,3
The Shop Around the Corner,1940,3
The Silence of the Lambs,1991,4
The Simpsons: Bart Wars,1999,4
The Simpsons: Season 1,1989,4
The Simpsons: Season 3,1991,4
The Simpsons: Season 6,1994,4
The Simpsons: Treehouse of Horror,1990,4
The Sixth Sense,1999,4
The Sleeping Dictionary,2001,3
The Snapper,1993,3
The Song of Bernadette,1943,3
The Spanish Prisoner,1997,3
The Stand,1994,3
The Sting,1973,4
The Story of O,1975,2
The Story of Us,1999,3
The Substitute/The Substitute 3,1999,2
The Sum of All Fears,2002,3
The Talented Mr. Ripley,1999,3
The Taming of the Shrew,1967,3
The Thing From Another World,1951,3
The Third Man,1949,3
The Thomas Crown Affair,1968,3
The Three Musketeers,2004,3
The Three Stooges: Merry Mavericks,1951,3
The Three Stooges: Nutty but Nice,1940,3
The Three Stooges: Sing a Song of Six Pants,1947,3
The Tick: The Entire Series,2001,3
The Toxic Avenger,1985,3
The Toy,1982,3
The Trip,2002,3
The Trouble With Harry,1955,3
The Trouble with Angels,1966,3
The Truth About Charlie / Charade,2002,2
The Tuskegee Airmen,1995,3
The Twilight Samurai,2002,4
The Twilight Zone: Vol. 12,1962,4
The Twilight Zone: Vol. 15,1963,4
The Twilight Zone: Vol. 16,1963,3
The Twilight Zone: Vol. 19,1960,4
The Twilight Zone: Vol. 25,1964,3
The Twilight Zone: Vol. 27,1964,4
The Twilight Zone: Vol. 3,1962,4
The Twilight Zone: Vol. 33,1968,4
The Twilight Zone: Vol. 36,1961,4
The Twilight Zone: Vol. 37,1961,4
The Twilight Zone: Vol. 39,1960,4
The Twilight Zone: Vol. 41,1960,4
The Twilight Zone: Vol. 42,1962,4
The Two Jakes,1990,3
The Unsinkable Molly Brown,1964,3
The Vanishing,1993,3
The Vikings,1958,3
The Village,2004,3
The War Room,1993,3
The Warriors,1979,3
The Wash,2001,2
The Way We Were,1973,3
The Weather Underground,2002,3
The Wedding Planner,2001,3
The West Wing: Season 3,2001,4
The Wind and the Lion,1975,3
The Wire: Season 1,2003,4
The Wizard of Oz: Collector's Edition,1939,4
The Woman in Red,1984,2
The Women,1939,3
The X-Files: Season 9,2001,4
Thief,1981,3
Thin Line Between Love & Hate,1996,3
Things to Do in Denver When You're Dead,1995,3
Thirteen,2003,3
This Is My Father,1999,3
This Is Spinal Tap,1984,3
Three Days of the Condor,1975,3
Three Men and a Little Lady,1990,3
Three Musketeers,1993,3
Three to Tango,1999,3
Threesome,1994,3
Thunderheart,1992,3
Tightrope,1984,3
Time Bandits,1981,3
Tin Men,1987,3
Titan A.E.,2000,3
Titanic,1953,3
To Catch a Thief,1955,4
To End All Wars,2001,3
To Gillian on her 37th Birthday,1996,3
To Have and Have Not,1944,4
Todd McFarlane's Spawn,1997,3
Together,2002,3
Top Secret!,1984,3
Torch Song Trilogy,1988,3
Town & Country,2001,2
Training Day,2001,3
Trainspotting,1995,3
Trapped,2002,3
Trees Lounge,1996,3
Trekkies,1999,3
Tremors 4: The Legend Begins,2004,3
Trigun,1999,3
True Colors,1991,3
Tuck Everlasting,2002,3
Tupac: Resurrection,2003,3
Turbulence,1997,2
Twin Dragons,1999,3
Two Can Play That Game,2001,3
Two Girls and a Guy,1998,2
Two Mules for Sister Sara,1970,3
U.S. Marshals,1998,3
U2: Go Home: Live From Slane Castle,2002,3
Uncovered: The Whole Truth About the Iraq War,2003,3
Under Siege,1992,3
Under Siege 2: Dark Territory,1995,3
Under Suspicion,2000,3
Undercover Blues,1993,3
Undertow,2004,2
Undisputed,2002,3
Unforgettable,1996,3
Universal Soldier,1992,3
Unleashed,2005,3
Unprecedented: The 2000 Presidential Election,2002,3
Untamed Heart,1993,3
Up at the Villa,2000,2
Uprising,2001,3
Upstairs,1973,4
Uptown Girls,2003,3
Urban Cowboy,1980,3
Used Cars,1980,3
V: The Complete TV Series,1983,3
Valentine,2001,2
Vampires,1998,3
Van Helsing: The London Assignment,2004,3
VeggieTales Classics: Rack,1995,3
VeggieTales Classics: Where's God When I'm Scared?,2004,4
VeggieTales: Dave and the Giant Pickle,2004,4
VeggieTales: Esther,2000,3
VeggieTales: The Ballad of Little Joe,2003,3
Velvet Goldmine,1998,3
Viva La Bam: Season 1,2003,3
Voices of Iraq,2004,3
Von Ryan's Express,1965,3
Waking Up in Reno,2002,2
Walkabout,1971,3
Walking Tall,1973,3
Walking and Talking,1996,3
Walking with Dinosaurs,1999,3
Wallace & Gromit in Three Amazing Adventures,2001,4
War Games,1983,3
Wayne's World,1992,3
Westworld,1973,3
Whale Rider,2003,3
What Women Want,2000,3
What the #$*! Do We Know!?,2004,3
What's Up,1966,3
When Harry Met Sally,1989,3
Where Eagles Dare,1968,3
Where the Red Fern Grows,2003,3
While You Were Sleeping,1995,3
White,1994,3
White Squall,1996,3
Who Framed Roger Rabbit?: Special Edition,1988,3
Who is Cletis Tout?,2002,3
Wild Things,1998,3
Wings of Desire,1987,3
Winnie the Pooh: Springtime with Roo,2004,3
With a Friend Like Harry,2000,3
Without a Trace: Season 1,2002,3
Wolf,1994,3
Woman Thou Art Loosed,2004,3
Woman of the Year,1942,3
Woman on Top,2000,3
Wonder Boys,2000,3
Wonderfalls: The Complete Series,2004,4
Wrongfully Accused,1998,3
X2: X-Men United,2003,3
Xena: Warrior Princess: Season 3,1995,3
Xena: Warrior Princess: Series Finale,2001,2
Y Tu Mama Tambien,2001,3
Yellow Submarine,1968,3
Yi Yi,2000,3
Yojimbo,1961,4
Young Black Stallion,2003,3
Youngblood,1986,3
Yu-Gi-Oh!: The Movie,2004,3
Zorro,1981,3
